{
  "fold_id": null,
  "epoch": 58,
  "phase_name": "Phase 2: \u5c0f\u6743\u91cd\u4e8b\u4ef6\u68c0\u6d4b",
  "val_disp_mae_mm": 0.15375493466854095,
  "val_event_pr_auc": 0.32529793420111486,
  "val_event_roc_auc": 0.5187878787878788,
  "val_threshold_f2_best": 0.1,
  "val_threshold_strict": 0.35000000000000003,
  "val_threshold_loose": 0.08000000000000002,
  "threshold_source": "validation",
  "val_f2_at_threshold_f2_best": 0.2830188679245283,
  "val_recall_at_threshold_f2_best": 0.2727272727272727,
  "val_fpr_at_threshold_f2_best": 0.16,
  "val_recall_at_threshold_strict": 0.25,
  "val_fpr_at_threshold_strict": 0.09333333333333334,
  "val_recall_at_threshold_loose": 0.2727272727272727,
  "val_fpr_at_threshold_loose": 0.2,
  "val_score_multi": 1.3434109687805176,
  "validation_set_info": {
    "total_samples": 194,
    "positive_samples": 44,
    "negative_samples": 150,
    "positive_ratio": "22.7%",
    "negative_ratio": "77.3%"
  }
}