backbone,selected_checkpoint,disp_MAE,event_PR_AUC,event_detection_rate,strict_FPR,mean_lead_days,operating_threshold,parameters
PatchTST+LSTM,best_event,0.12650138139724731,0.350776795000615,0.2631578947368421,0.0,-2.6,0.16000000000000003,910472
PatchTST+LSTM,best_multi,0.10213842988014221,0.3538347776859897,0.3684210526315789,0.0,-1.7142857142857142,0.19,910472
PatchTST+LSTM,best_disp,0.10260938853025436,0.35158258196541725,1.0,0.0,-0.8947368421052632,0.060000000000000005,910472
PatchTST+LSTM,last,0.12798595428466797,0.35664380033698906,0.3157894736842105,0.0,-1.8333333333333333,0.1,910472
