{
  "fold_id": null,
  "epoch": 107,
  "phase_name": "Phase 4: \u5168\u6743\u91cd\u7cbe\u8c03",
  "val_disp_mae_mm": 0.01620785892009735,
  "val_event_pr_auc": 0.463665496055672,
  "val_event_roc_auc": 0.7353030303030303,
  "val_threshold_f2_best": 0.060000000000000005,
  "val_threshold_strict": 0.9200000000000003,
  "val_threshold_loose": 0.05,
  "threshold_source": "validation",
  "val_f2_at_threshold_f2_best": 0.4072398190045249,
  "val_recall_at_threshold_f2_best": 0.4090909090909091,
  "val_fpr_at_threshold_f2_best": 0.18,
  "val_recall_at_threshold_strict": 0.29545454545454547,
  "val_fpr_at_threshold_strict": 0.08666666666666667,
  "val_recall_at_threshold_loose": 0.4090909090909091,
  "val_fpr_at_threshold_loose": 0.19333333333333333,
  "val_score_multi": 1.3589802980422974,
  "validation_set_info": {
    "total_samples": 194,
    "positive_samples": 44,
    "negative_samples": 150,
    "positive_ratio": "22.7%",
    "negative_ratio": "77.3%"
  }
}