{
  "fold_id": null,
  "epoch": 143,
  "phase_name": "Phase 4: \u5168\u6743\u91cd\u7cbe\u8c03",
  "val_disp_mae_mm": 0.0153256980702281,
  "val_event_pr_auc": 0.4021533996115916,
  "val_event_roc_auc": 0.6937878787878788,
  "val_threshold_f2_best": 0.11000000000000001,
  "val_threshold_strict": 0.05,
  "val_threshold_loose": 0.05,
  "threshold_source": "validation",
  "val_f2_at_threshold_f2_best": 0.34825870646766166,
  "val_recall_at_threshold_f2_best": 0.3181818181818182,
  "val_fpr_at_threshold_f2_best": 0.07333333333333333,
  "val_recall_at_threshold_strict": 0.3181818181818182,
  "val_fpr_at_threshold_strict": 0.08,
  "val_recall_at_threshold_loose": 0.3181818181818182,
  "val_fpr_at_threshold_loose": 0.08,
  "val_score_multi": 1.319380283355713,
  "validation_set_info": {
    "total_samples": 194,
    "positive_samples": 44,
    "negative_samples": 150,
    "positive_ratio": "22.7%",
    "negative_ratio": "77.3%"
  }
}