{
  "fold_id": null,
  "epoch": 54,
  "phase_name": "Phase 2: \u5c0f\u6743\u91cd\u4e8b\u4ef6\u68c0\u6d4b",
  "val_disp_mae_mm": 0.014908820390701294,
  "val_event_pr_auc": 0.24965193798885066,
  "val_event_roc_auc": 0.5537878787878788,
  "val_threshold_f2_best": 0.15000000000000002,
  "val_threshold_strict": 0.7500000000000002,
  "val_threshold_loose": 0.14,
  "threshold_source": "validation",
  "val_f2_at_threshold_f2_best": 0.23148148148148145,
  "val_recall_at_threshold_f2_best": 0.22727272727272727,
  "val_fpr_at_threshold_f2_best": 0.2,
  "val_recall_at_threshold_strict": 0.09090909090909091,
  "val_fpr_at_threshold_strict": 0.1,
  "val_recall_at_threshold_loose": 0.22727272727272727,
  "val_fpr_at_threshold_loose": 0.2,
  "val_score_multi": 1.3663705587387085,
  "validation_set_info": {
    "total_samples": 194,
    "positive_samples": 44,
    "negative_samples": 150,
    "positive_ratio": "22.7%",
    "negative_ratio": "77.3%"
  }
}