{
  "fold_id": null,
  "epoch": 55,
  "phase_name": "Phase 2: \u5c0f\u6743\u91cd\u4e8b\u4ef6\u68c0\u6d4b",
  "val_disp_mae_mm": 0.14647874236106873,
  "val_event_pr_auc": 0.3245019914264715,
  "val_event_roc_auc": 0.5975757575757574,
  "val_threshold_f2_best": 0.060000000000000005,
  "val_threshold_strict": 0.9500000000000002,
  "val_threshold_loose": 0.8800000000000002,
  "threshold_source": "validation",
  "val_f2_at_threshold_f2_best": 0.5758426966292135,
  "val_recall_at_threshold_f2_best": 0.9318181818181818,
  "val_fpr_at_threshold_f2_best": 0.9266666666666666,
  "val_recall_at_threshold_strict": 0.2727272727272727,
  "val_fpr_at_threshold_strict": 0.14,
  "val_recall_at_threshold_loose": 0.3181818181818182,
  "val_fpr_at_threshold_loose": 0.2,
  "val_score_multi": 1.3062463998794556,
  "validation_set_info": {
    "total_samples": 194,
    "positive_samples": 44,
    "negative_samples": 150,
    "positive_ratio": "22.7%",
    "negative_ratio": "77.3%"
  }
}