{
  "fold_id": null,
  "epoch": 78,
  "phase_name": "Phase 3: \u5f15\u5165\u8f85\u52a9\u4efb\u52a1",
  "val_disp_mae_mm": 0.18477964401245117,
  "val_event_pr_auc": 0.4258850371503575,
  "val_event_roc_auc": 0.6033333333333334,
  "val_threshold_f2_best": 0.1,
  "val_threshold_strict": 0.8400000000000002,
  "val_threshold_loose": 0.25000000000000006,
  "threshold_source": "validation",
  "val_f2_at_threshold_f2_best": 0.5138339920948617,
  "val_recall_at_threshold_f2_best": 0.5909090909090909,
  "val_fpr_at_threshold_f2_best": 0.34,
  "val_recall_at_threshold_strict": 0.3181818181818182,
  "val_fpr_at_threshold_strict": 0.1,
  "val_recall_at_threshold_loose": 0.4772727272727273,
  "val_fpr_at_threshold_loose": 0.2,
  "val_score_multi": 1.4999079704284668,
  "validation_set_info": {
    "total_samples": 194,
    "positive_samples": 44,
    "negative_samples": 150,
    "positive_ratio": "22.7%",
    "negative_ratio": "77.3%"
  }
}