backbone,selected_checkpoint,disp_MAE,event_PR_AUC,event_detection_rate,strict_FPR,mean_lead_days,operating_threshold,parameters
PatchTST+LSTM,best_multi,0.10213842988014221,0.3538347776859897,0.3684210526315789,0.0,-1.7142857142857142,0.19,910472
PatchTST+GRU,best_multi,0.1325915902853012,0.47506467055254065,0.9473684210526315,0.03626943005181347,-2.0555555555555554,0.1,844424
PatchTST+Mamba,best_multi,0.13686354458332062,0.4527851366128118,0.631578947368421,0.11398963730569948,-1.1666666666666667,0.11000000000000001,1012104
PatchTST+Transformer,best_multi,0.09059102088212967,0.3312594221915516,1.0,1.0,-0.8947368421052632,0.09000000000000001,1044232
PatchTST-only,best_multi,0.13219133019447327,0.36579494497632903,1.0,0.19689119170984457,-0.8947368421052632,0.15000000000000002,646280
