backbone,selected_checkpoint,disp_MAE,event_PR_AUC,event_detection_rate,strict_FPR,mean_lead_days,operating_threshold,parameters
PatchTST+GRU,best_event,0.20955540239810944,0.34134740089370025,1.0,0.0,-0.8947368421052632,0.07,844424
PatchTST+GRU,best_multi,0.1325915902853012,0.47506467055254065,0.9473684210526315,0.03626943005181347,-2.0555555555555554,0.1,844424
PatchTST+GRU,best_disp,0.13694031536579132,0.47458607720009194,0.9473684210526315,0.015544041450777202,-1.7777777777777777,0.060000000000000005,844424
PatchTST+GRU,last,0.18660111725330353,0.3711565173510316,0.0,0.0,0.0,0.5400000000000001,844424
