backbone,selected_checkpoint,disp_MAE,event_PR_AUC,event_detection_rate,strict_FPR,mean_lead_days,operating_threshold,parameters
PatchTST-only,best_event,0.15665878355503082,0.3755909460305083,1.0,0.17616580310880828,-0.8947368421052632,0.060000000000000005,646280
PatchTST-only,best_multi,0.13219133019447327,0.36579494497632903,1.0,0.19689119170984457,-0.8947368421052632,0.15000000000000002,646280
PatchTST-only,best_disp,0.13219133019447327,0.36579494497632903,1.0,0.19689119170984457,-0.8947368421052632,0.15000000000000002,646280
PatchTST-only,last,0.16603997349739075,0.4027397866158742,1.0,0.15544041450777202,-0.8947368421052632,0.07,646280
