{
  "fold_id": null,
  "epoch": 54,
  "phase_name": "Phase 2: \u5c0f\u6743\u91cd\u4e8b\u4ef6\u68c0\u6d4b",
  "val_disp_mae_mm": 0.15353739261627197,
  "val_event_pr_auc": 0.4586492521640099,
  "val_event_roc_auc": 0.7145454545454546,
  "val_threshold_f2_best": 0.09000000000000001,
  "val_threshold_strict": 0.9300000000000002,
  "val_threshold_loose": 0.9300000000000002,
  "threshold_source": "validation",
  "val_f2_at_threshold_f2_best": 0.6405693950177936,
  "val_recall_at_threshold_f2_best": 0.8181818181818182,
  "val_fpr_at_threshold_f2_best": 0.46,
  "val_recall_at_threshold_strict": 0.5,
  "val_fpr_at_threshold_strict": 0.29333333333333333,
  "val_recall_at_threshold_loose": 0.5,
  "val_fpr_at_threshold_loose": 0.29333333333333333,
  "val_score_multi": 1.2707513570785522,
  "validation_set_info": {
    "total_samples": 194,
    "positive_samples": 44,
    "negative_samples": 150,
    "positive_ratio": "22.7%",
    "negative_ratio": "77.3%"
  }
}