{
  "fold_id": null,
  "epoch": 74,
  "phase_name": "Phase 3: \u5f15\u5165\u8f85\u52a9\u4efb\u52a1",
  "val_disp_mae_mm": 0.2084389477968216,
  "val_event_pr_auc": 0.4558132675493296,
  "val_event_roc_auc": 0.6968181818181819,
  "val_threshold_f2_best": 0.05,
  "val_threshold_strict": 0.9500000000000002,
  "val_threshold_loose": 0.9100000000000003,
  "threshold_source": "validation",
  "val_f2_at_threshold_f2_best": 0.5576923076923077,
  "val_recall_at_threshold_f2_best": 0.6590909090909091,
  "val_fpr_at_threshold_f2_best": 0.36666666666666664,
  "val_recall_at_threshold_strict": 0.4090909090909091,
  "val_fpr_at_threshold_strict": 0.18,
  "val_recall_at_threshold_loose": 0.45454545454545453,
  "val_fpr_at_threshold_loose": 0.2,
  "val_score_multi": 1.6420106887817383,
  "validation_set_info": {
    "total_samples": 194,
    "positive_samples": 44,
    "negative_samples": 150,
    "positive_ratio": "22.7%",
    "negative_ratio": "77.3%"
  }
}