backbone,selected_checkpoint,disp_MAE,event_PR_AUC,event_detection_rate,strict_FPR,mean_lead_days,operating_threshold,parameters
PatchTST+Transformer,best_event,0.16404837369918823,0.3144444609371544,1.0,0.9637305699481865,-0.8947368421052632,0.9500000000000002,1044232
PatchTST+Transformer,best_multi,0.09059102088212967,0.3312594221915516,1.0,1.0,-0.8947368421052632,0.09000000000000001,1044232
PatchTST+Transformer,best_disp,0.09103914350271225,0.3322473558912164,1.0,1.0,-0.8947368421052632,0.07,1044232
PatchTST+Transformer,last,0.24328598380088806,0.3005879806305468,1.0,1.0,-0.8947368421052632,0.05,1044232
