{
  "threshold_f2_best": 0.1,
  "threshold_strict": 0.8400000000000002,
  "threshold_loose": 0.25000000000000006,
  "source_split": "validation",
  "val_pr_auc": 0.4258850371503575,
  "val_roc_auc": 0.6033333333333334,
  "val_f2_at_threshold_f2_best": 0.5138339920948617,
  "val_recall_at_threshold_f2_best": 0.5909090909090909,
  "val_fpr_at_threshold_f2_best": 0.34,
  "val_recall_at_threshold_strict": 0.3181818181818182,
  "val_fpr_at_threshold_strict": 0.1,
  "val_recall_at_threshold_loose": 0.4772727272727273,
  "val_fpr_at_threshold_loose": 0.2
}