backbone,selected_checkpoint,disp_MAE,event_PR_AUC,event_detection_rate,strict_FPR,mean_lead_days,operating_threshold,parameters
PatchTST+Mamba,best_event,0.1406937688589096,0.45653002293617717,0.47368421052631576,0.14507772020725387,-2.111111111111111,0.5500000000000002,1012104
PatchTST+Mamba,best_multi,0.13686354458332062,0.4527851366128118,0.631578947368421,0.11398963730569948,-1.1666666666666667,0.11000000000000001,1012104
PatchTST+Mamba,best_disp,0.13686354458332062,0.4527851366128118,0.631578947368421,0.11398963730569948,-1.1666666666666667,0.11000000000000001,1012104
PatchTST+Mamba,last,0.15770849585533142,0.44587629565335524,0.6842105263157895,0.16580310880829016,-1.0,0.13,1012104
